"Season","Squad","arrivals_count","departures_count","transfer_spending_eur","transfer_income_eur","net_spend_eur","spend_usd","income_usd","net_spend_usd"
20,"AFC Bournemouth",13,12,54910000,34625000,20285000,59302800,37395000,21907800
20,"Arsenal FC",16,19,160800000,53650000,107150000,173664000,57942000,115722000
20,"Aston Villa",22,22,159500000,3e+06,156500000,172260000,3240000,169020000
20,"Brighton & Hove Albion",25,30,61740000,8500000,53240000,66679200,9180000,57499200
20,"Burnley FC",8,11,23850000,13550000,10300000,25758000,14634000,11124000
20,"Chelsea FC",22,29,4.5e+07,165066000,-120066000,48600000,178271280,-129671280
20,"Crystal Palace",13,15,7600000,55375000,-47775000,8208000,59805000,-51597000
20,"Everton FC",22,22,1.21e+08,87800000,33200000,130680000,94824000,35856000
20,"Leicester City",13,13,104300000,88500000,15800000,112644000,95580000,17064000
20,"Liverpool FC",15,16,10400000,4.8e+07,-37600000,11232000,51840000,-40608000
20,"Manchester City",25,26,169820000,7.1e+07,98820000,183405600,76680000,106725600
20,"Manchester United",13,12,236800000,81180000,155620000,255744000,87674400,168069600
20,"Newcastle United",13,11,72400000,35640000,36760000,78192000,38491200,39700800
20,"Norwich City",22,27,8815000,2200000,6615000,9520200,2376000,7144200
20,"Sheffield United",23,21,72500000,350000,72150000,78300000,378000,77922000
20,"Southampton FC",14,17,61500000,27300000,34200000,66420000,29484000,36936000
20,"Tottenham Hotspur",12,14,150500000,64500000,8.6e+07,162540000,69660000,92880000
20,"Watford FC",21,20,5.6e+07,29400000,26600000,60480000,31752000,28728000
20,"West Ham United",10,17,119800000,55730000,64070000,129384000,60188400,69195600
20,"Wolverhampton Wanderers",27,26,116700000,24100000,92600000,126036000,26028000,100008000
21,"Arsenal FC",16,16,8.6e+07,19150000,66850000,92880000,20682000,72198000
21,"Aston Villa",12,15,101350000,2770000,98580000,109458000,2991600,106466400
21,"Brighton & Hove Albion",28,22,50100000,20600000,29500000,54108000,22248000,31860000
21,"Burnley FC",6,6,1100000,2300000,-1200000,1188000,2484000,-1296000
21,"Chelsea FC",31,26,267200000,57150000,210050000,288576000,61722000,226854000
21,"Crystal Palace",12,8,22400000,2e+07,2400000,24192000,21600000,2592000
21,"Everton FC",20,20,74370000,4430000,69940000,80319600,4784400,75535200
21,"Fulham FC",23,19,37250000,0,37250000,40230000,0,40230000
21,"Leeds United",16,16,127800000,0,127800000,138024000,0,138024000
21,"Leicester City",19,18,59400000,53770000,5630000,64152000,58071600,6080400
21,"Liverpool FC",17,13,84800000,17200000,67600000,91584000,18576000,73008000
21,"Manchester City",27,27,173400000,6.4e+07,109400000,187272000,69120000,118152000
21,"Manchester United",17,17,83950000,19500000,64450000,90666000,21060000,69606000
21,"Newcastle United",10,15,38750000,780000,37970000,41850000,842400,41007600
21,"Sheffield United",16,19,62700000,0,62700000,67716000,0,67716000
21,"Southampton FC",23,18,37300000,26300000,1.1e+07,40284000,28404000,11880000
21,"Tottenham Hotspur",15,11,110500000,13300000,97200000,119340000,14364000,104976000
21,"West Bromwich Albion",23,22,42140000,8100000,34040000,45511200,8748000,36763200
21,"West Ham United",16,17,54700000,45410000,9290000,59076000,49042800,10033200
21,"Wolverhampton Wanderers",21,22,87589000,79200000,8389000,94596120,85536000,9060120
22,"Arsenal FC",13,20,167400000,31400000,1.36e+08,180792000,33912000,146880000
22,"Aston Villa",22,18,129800000,1.27e+08,2800000,140184000,137160000,3024000
22,"Brentford FC",19,15,38200000,1e+06,37200000,41256000,1080000,40176000
22,"Brighton & Hove Albion",26,29,75580000,78800000,-3220000,81626400,85104000,-3477600
22,"Burnley FC",8,6,49400000,40500000,8900000,53352000,43740000,9612000
22,"Chelsea FC",21,23,1.18e+08,157590000,-39590000,127440000,170197200,-42757200
22,"Crystal Palace",13,15,85620000,0,85620000,92469600,0,92469600
22,"Everton FC",13,15,39500000,4.6e+07,-6500000,42660000,49680000,-7020000
22,"Leeds United",13,15,59300000,0,59300000,64044000,0,64044000
22,"Leicester City",11,11,67600000,4e+06,63600000,73008000,4320000,68688000
22,"Liverpool FC",14,12,8.9e+07,31650000,57350000,96120000,34182000,61938000
22,"Manchester City",22,24,138900000,93800000,45100000,150012000,101304000,48708000
22,"Manchester United",16,14,1.42e+08,31100000,110900000,153360000,33588000,119772000
22,"Newcastle United",12,10,130500000,0,130500000,140940000,0,140940000
22,"Norwich City",32,30,63550000,38400000,25150000,68634000,41472000,27162000
22,"Southampton FC",10,14,63400000,60350000,3050000,68472000,65178000,3294000
22,"Tottenham Hotspur",14,19,95900000,34620000,61280000,103572000,37389600,66182400
22,"Watford FC",31,29,43500000,12850000,30650000,46980000,13878000,33102000
22,"West Ham United",10,8,74500000,4235000,70265000,80460000,4573800,75886200
22,"Wolverhampton Wanderers",24,22,37600000,31800000,5800000,40608000,34344000,6264000
23,"AFC Bournemouth",17,13,93400000,0,93400000,100872000,0,100872000
23,"Arsenal FC",25,18,186400000,23800000,162600000,201312000,25704000,175608000
23,"Aston Villa",23,22,1.13e+08,5.4e+07,5.9e+07,122040000,58320000,63720000
23,"Brentford FC",23,21,49250000,3600000,45650000,53190000,3888000,49302000
23,"Brighton & Hove Albion",21,23,55700000,138400000,-82700000,60156000,149472000,-89316000
23,"Chelsea FC",28,25,630250000,67860000,562390000,680670000,73288800,607381200
23,"Crystal Palace",15,13,46600000,5460000,41140000,50328000,5896800,44431200
23,"Everton FC",19,21,83070000,103600000,-20530000,89715600,111888000,-22172400
23,"Fulham FC",20,21,76100000,25400000,50700000,82188000,27432000,54756000
23,"Leeds United",24,19,163890000,114500000,49390000,177001200,123660000,53341200
23,"Leicester City",10,9,4.9e+07,81400000,-32400000,52920000,87912000,-34992000
23,"Liverpool FC",10,13,140900000,80100000,60800000,152172000,86508000,65664000
23,"Manchester City",29,24,1.55e+08,162170000,-7170000,167400000,175143600,-7743600
23,"Manchester United",24,19,243150000,23650000,219500000,262602000,25542000,237060000
23,"Newcastle United",14,12,189100000,14057000,175043000,204228000,15181560,189046440
23,"Nottingham Forest",42,26,198350000,5e+06,193350000,214218000,5400000,208818000
23,"Southampton FC",21,14,154210000,5500000,148710000,166546800,5940000,160606800
23,"Tottenham Hotspur",15,14,179900000,38750000,141150000,194292000,41850000,152442000
23,"West Ham United",12,13,196600000,21550000,175050000,212328000,23274000,189054000
23,"Wolverhampton Wanderers",31,27,179507000,64870000,114637000,193867560,70059600,123807960
24,"AFC Bournemouth",23,21,129890000,1500000,128390000,140281200,1620000,138661200
24,"Arsenal FC",15,16,235100000,69200000,165900000,253908000,74736000,179172000
24,"Aston Villa",14,14,111500000,33158000,78342000,120420000,35810640,84609360
24,"Brentford FC",19,16,72350000,10250000,62100000,78138000,11070000,67068000
24,"Brighton & Hove Albion",28,22,106850000,1.89e+08,-82150000,115398000,204120000,-88722000
24,"Burnley FC",31,22,111050000,3800000,107250000,119934000,4104000,115830000
24,"Chelsea FC",29,32,448100000,282200000,165900000,483948000,304776000,179172000
24,"Crystal Palace",9,9,67800000,0,67800000,73224000,0,73224000
24,"Everton FC",16,16,40500000,82800000,-42300000,43740000,89424000,-45684000
24,"Fulham FC",15,16,73170000,53200000,19970000,79023600,57456000,21567600
24,"Liverpool FC",12,16,1.72e+08,60700000,111300000,185760000,65556000,120204000
24,"Luton Town",28,26,25900000,3e+05,25600000,27972000,324000,27648000
24,"Manchester City",19,21,259600000,138800000,120800000,280368000,149904000,130464000
24,"Manchester United",14,23,210700000,63770000,146930000,227556000,68871600,158684400
24,"Newcastle United",15,14,1.5e+08,44600000,105400000,1.62e+08,48168000,113832000
24,"Nottingham Forest",35,41,131630000,82820000,48810000,142160400,89445600,52714800
24,"Sheffield United",18,15,66950000,30900000,36050000,72306000,33372000,38934000
24,"Tottenham Hotspur",27,22,272100000,120700000,151400000,293868000,130356000,163512000
24,"West Ham United",10,11,144550000,172860000,-28310000,156114000,186688800,-30574800
24,"Wolverhampton Wanderers",26,31,9.4e+07,169200000,-75200000,101520000,182736000,-81216000
25,"AFC Bournemouth",18,23,137370000,66090000,71280000,148359600,71377200,76982400
25,"Arsenal FC",10,13,107600000,83790000,23810000,116208000,90493200,25714800
25,"Aston Villa",20,25,214200000,257170000,-42970000,231336000,277743600,-46407600
25,"Brentford FC",14,18,98400000,74500000,23900000,106272000,80460000,25812000
25,"Brighton & Hove Albion",23,25,281450000,50740000,230710000,303966000,54799200,249166800
25,"Chelsea FC",32,31,281900000,237100000,44800000,304452000,256068000,48384000
25,"Crystal Palace",16,17,91900000,100700000,-8800000,99252000,108756000,-9504000
25,"Everton FC",11,12,50640000,84150000,-33510000,54691200,90882000,-36190800
25,"Fulham FC",14,13,91550000,68800000,22750000,98874000,74304000,24570000
25,"Ipswich Town",17,19,152590000,2360000,150230000,164797200,2548800,162248400
25,"Leicester City",14,13,91050000,47250000,43800000,98334000,51030000,47304000
25,"Liverpool FC",11,13,4.2e+07,4.7e+07,-5e+06,45360000,50760000,-5400000
25,"Manchester City",15,13,2.43e+08,141700000,101300000,262440000,153036000,109404000
25,"Manchester United",15,17,246300000,117200000,129100000,266004000,126576000,139428000
25,"Newcastle United",9,14,68200000,89550000,-21350000,73656000,96714000,-23058000
25,"Nottingham Forest",26,32,105500000,86700000,18800000,113940000,93636000,20304000
25,"Southampton FC",30,19,123050000,41590000,81460000,132894000,44917200,87976800
25,"Tottenham Hotspur",17,17,185350000,56300000,129050000,200178000,60804000,139374000
25,"West Ham United",17,14,144400000,46150000,98250000,155952000,49842000,106110000
25,"Wolverhampton Wanderers",22,16,119400000,116200000,3200000,128952000,125496000,3456000
